idx,label,hemisphere,lobe,gyrus,description,mni_x,mni_y,mni_z
1,SFG_L_7_1,L,Frontal Lobe,"SFG, Superior Frontal Gyrus","A8m, medial area 8",-5,15,54
2,SFG_R_7_1,R,Frontal Lobe,"SFG, Superior Frontal Gyrus","A8m, medial area 8",7,16,54
3,SFG_L_7_2,L,Frontal Lobe,"SFG, Superior Frontal Gyrus","A8dl, dorsolateral area 8",-18,24,53
4,SFG_R_7_2,R,Frontal Lobe,"SFG, Superior Frontal Gyrus","A8dl, dorsolateral area 8",22,26,51
5,SFG_L_7_3,L,Frontal Lobe,"SFG, Superior Frontal Gyrus","A9l, lateral area 9",-11,49,40
6,SFG_R_7_3,R,Frontal Lobe,"SFG, Superior Frontal Gyrus","A9l, lateral area 9",13,48,40
7,SFG_L_7_4,L,Frontal Lobe,"SFG, Superior Frontal Gyrus","A6dl, dorsolateral area 6",-18,-1,65
8,SFG_R_7_4,R,Frontal Lobe,"SFG, Superior Frontal Gyrus","A6dl, dorsolateral area 6",20,4,64
9,SFG_L_7_5,L,Frontal Lobe,"SFG, Superior Frontal Gyrus","A6m, medial area 6",-6,-5,58
10,SFG_R_7_5,R,Frontal Lobe,"SFG, Superior Frontal Gyrus","A6m, medial area 6",7,-4,60
11,SFG_L_7_6,L,Frontal Lobe,"SFG, Superior Frontal Gyrus","A9m,medial area 9",-5,36,38
12,SFG_R_7_6,R,Frontal Lobe,"SFG, Superior Frontal Gyrus","A9m,medial area 9",6,38,35
13,SFG_L_7_7,L,Frontal Lobe,"SFG, Superior Frontal Gyrus","A10m, medial area 10",-8,56,15
14,SFG_R_7_7,R,Frontal Lobe,"SFG, Superior Frontal Gyrus","A10m, medial area 10",8,58,13
15,MFG_L_7_1,L,Frontal Lobe,"MFG, Middle Frontal Gyrus","A9/46d, dorsal area 9/46",-27,43,31
16,MFG_R_7_1,R,Frontal Lobe,"MFG, Middle Frontal Gyrus","A9/46d, dorsal area 9/46",30,37,36
17,MFG_L_7_2,L,Frontal Lobe,"MFG, Middle Frontal Gyrus","IFJ, inferior frontal junction",-42,13,36
18,MFG_R_7_2,R,Frontal Lobe,"MFG, Middle Frontal Gyrus","IFJ, inferior frontal junction",42,11,39
19,MFG_L_7_3,L,Frontal Lobe,"MFG, Middle Frontal Gyrus","A46, area 46",-28,56,12
20,MFG_R_7_3,R,Frontal Lobe,"MFG, Middle Frontal Gyrus","A46, area 46",28,55,17
21,MFG_L_7_4,L,Frontal Lobe,"MFG, Middle Frontal Gyrus","A9/46v, ventral area 9/46",-41,41,16
22,MFG_R_7_4,R,Frontal Lobe,"MFG, Middle Frontal Gyrus","A9/46v, ventral area 9/46",42,44,14
23,MFG_L_7_5,L,Frontal Lobe,"MFG, Middle Frontal Gyrus","A8vl, ventrolateral area 8",-33,23,45
24,MFG_R_7_5,R,Frontal Lobe,"MFG, Middle Frontal Gyrus","A8vl, ventrolateral area 8",42,27,39
25,MFG_L_7_6,L,Frontal Lobe,"MFG, Middle Frontal Gyrus","A6vl, ventrolateral area 6",-32,4,55
26,MFG_R_7_6,R,Frontal Lobe,"MFG, Middle Frontal Gyrus","A6vl, ventrolateral area 6",34,8,54
27,MFG_L_7_7,L,Frontal Lobe,"MFG, Middle Frontal Gyrus","A10l, lateral area10",-26,60,-6
28,MFG_R_7_7,R,Frontal Lobe,"MFG, Middle Frontal Gyrus","A10l, lateral area10",25,61,-4
29,IFG_L_6_1,L,Frontal Lobe,"IFG, Inferior Frontal Gyrus","A44d,dorsal area 44",-46,13,24
30,IFG_R_6_1,R,Frontal Lobe,"IFG, Inferior Frontal Gyrus","A44d,dorsal area 44",45,16,25
31,IFG_L_6_2,L,Frontal Lobe,"IFG, Inferior Frontal Gyrus","IFS, inferior frontal sulcus",-47,32,14
32,IFG_R_6_2,R,Frontal Lobe,"IFG, Inferior Frontal Gyrus","IFS, inferior frontal sulcus",48,35,13
33,IFG_L_6_3,L,Frontal Lobe,"IFG, Inferior Frontal Gyrus","A45c, caudal area 45",-53,23,11
34,IFG_R_6_3,R,Frontal Lobe,"IFG, Inferior Frontal Gyrus","A45c, caudal area 45",54,24,12
35,IFG_L_6_4,L,Frontal Lobe,"IFG, Inferior Frontal Gyrus","A45r, rostral area 45",-49,36,-3
36,IFG_R_6_4,R,Frontal Lobe,"IFG, Inferior Frontal Gyrus","A45r, rostral area 45",51,36,-1
37,IFG_L_6_5,L,Frontal Lobe,"IFG, Inferior Frontal Gyrus","A44op, opercular area 44",-39,23,4
38,IFG_R_6_5,R,Frontal Lobe,"IFG, Inferior Frontal Gyrus","A44op, opercular area 44",42,22,3
39,IFG_L_6_6,L,Frontal Lobe,"IFG, Inferior Frontal Gyrus","A44v, ventral area 44",-52,13,6
40,IFG_R_6_6,R,Frontal Lobe,"IFG, Inferior Frontal Gyrus","A44v, ventral area 44",54,14,11
41,OrG_L_6_1,L,Frontal Lobe,"OrG, Orbital Gyrus","A14m, medial area 14",-7,54,-7
42,OrG_R_6_1,R,Frontal Lobe,"OrG, Orbital Gyrus","A14m, medial area 14",6,47,-7
43,OrG_L_6_2,L,Frontal Lobe,"OrG, Orbital Gyrus","A12/47o, orbital area 12/47",-36,33,-16
44,OrG_R_6_2,R,Frontal Lobe,"OrG, Orbital Gyrus","A12/47o, orbital area 12/47",40,39,-14
45,OrG_L_6_3,L,Frontal Lobe,"OrG, Orbital Gyrus","A11l, lateral area 11",-23,38,-18
46,OrG_R_6_3,R,Frontal Lobe,"OrG, Orbital Gyrus","A11l, lateral area 11",23,36,-18
47,OrG_L_6_4,L,Frontal Lobe,"OrG, Orbital Gyrus","A11m, medial area 11",-6,52,-19
48,OrG_R_6_4,R,Frontal Lobe,"OrG, Orbital Gyrus","A11m, medial area 11",6,57,-16
49,OrG_L_6_5,L,Frontal Lobe,"OrG, Orbital Gyrus","A13, area 13",-10,18,-19
50,OrG_R_6_5,R,Frontal Lobe,"OrG, Orbital Gyrus","A13, area 13",9,20,-19
51,OrG_L_6_6,L,Frontal Lobe,"OrG, Orbital Gyrus","A12/47l, lateral area 12/47",-41,32,-9
52,OrG_R_6_6,R,Frontal Lobe,"OrG, Orbital Gyrus","A12/47l, lateral area 12/47",42,31,-9
53,PrG_L_6_1,L,Frontal Lobe,"PrG, Precentral Gyrus","A4hf, area 4(head and face region)",-49,-8,39
54,PrG_R_6_1,R,Frontal Lobe,"PrG, Precentral Gyrus","A4hf, area 4(head and face region)",55,-2,33
55,PrG_L_6_2,L,Frontal Lobe,"PrG, Precentral Gyrus","A6cdl, caudal dorsolateral area 6",-32,-9,58
56,PrG_R_6_2,R,Frontal Lobe,"PrG, Precentral Gyrus","A6cdl, caudal dorsolateral area 6",33,-7,57
57,PrG_L_6_3,L,Frontal Lobe,"PrG, Precentral Gyrus","A4ul, area 4(upper limb region)",-26,-25,63
58,PrG_R_6_3,R,Frontal Lobe,"PrG, Precentral Gyrus","A4ul, area 4(upper limb region)",34,-19,59
59,PrG_L_6_4,L,Frontal Lobe,"PrG, Precentral Gyrus","A4t, area 4(trunk region)",-13,-20,73
60,PrG_R_6_4,R,Frontal Lobe,"PrG, Precentral Gyrus","A4t, area 4(trunk region)",15,-22,71
61,PrG_L_6_5,L,Frontal Lobe,"PrG, Precentral Gyrus","A4tl, area 4(tongue and larynx region)",-52,0,8
62,PrG_R_6_5,R,Frontal Lobe,"PrG, Precentral Gyrus","A4tl, area 4(tongue and larynx region)",54,4,9
63,PrG_L_6_6,L,Frontal Lobe,"PrG, Precentral Gyrus","A6cvl, caudal ventrolateral area 6",-49,5,30
64,PrG_R_6_6,R,Frontal Lobe,"PrG, Precentral Gyrus","A6cvl, caudal ventrolateral area 6",51,7,30
65,PCL_L_2_1,L,Frontal Lobe,"PCL, Paracentral Lobule","A1/2/3ll, area1/2/3 (lower limb region)",-8,-38,58
66,PCL_R_2_1,R,Frontal Lobe,"PCL, Paracentral Lobule","A1/2/3ll, area1/2/3 (lower limb region)",10,-34,54
67,PCL_L_2_2,L,Frontal Lobe,"PCL, Paracentral Lobule","A4ll, area 4, (lower limb region)",-4,-23,61
68,PCL_R_2_2,R,Frontal Lobe,"PCL, Paracentral Lobule","A4ll, area 4, (lower limb region)",5,-21,61
69,STG_L_6_1,L,Temporal Lobe,"STG, Superior Temporal Gyrus","A38m, medial area 38",-32,14,-34
70,STG_R_6_1,R,Temporal Lobe,"STG, Superior Temporal Gyrus","A38m, medial area 38",31,15,-34
71,STG_L_6_2,L,Temporal Lobe,"STG, Superior Temporal Gyrus","A41/42, area 41/42",-54,-32,12
72,STG_R_6_2,R,Temporal Lobe,"STG, Superior Temporal Gyrus","A41/42, area 41/42",54,-24,11
73,STG_L_6_3,L,Temporal Lobe,"STG, Superior Temporal Gyrus",TE1.0 and TE1.2,-50,-11,1
74,STG_R_6_3,R,Temporal Lobe,"STG, Superior Temporal Gyrus",TE1.0 and TE1.2,51,-4,-1
75,STG_L_6_4,L,Temporal Lobe,"STG, Superior Temporal Gyrus","A22c, caudal area 22",-62,-33,7
76,STG_R_6_4,R,Temporal Lobe,"STG, Superior Temporal Gyrus","A22c, caudal area 22",66,-20,6
77,STG_L_6_5,L,Temporal Lobe,"STG, Superior Temporal Gyrus","A38l, lateral area 38",-45,11,-20
78,STG_R_6_5,R,Temporal Lobe,"STG, Superior Temporal Gyrus","A38l, lateral area 38",47,12,-20
79,STG_L_6_6,L,Temporal Lobe,"STG, Superior Temporal Gyrus","A22r, rostral area 22",-55,-3,-10
80,STG_R_6_6,R,Temporal Lobe,"STG, Superior Temporal Gyrus","A22r, rostral area 22",56,-12,-5
81,MTG_L_4_1,L,Temporal Lobe,"MTG, Middle Temporal Gyrus","A21c, caudal area 21",-65,-30,-12
82,MTG_R_4_1,R,Temporal Lobe,"MTG, Middle Temporal Gyrus","A21c, caudal area 21",65,-29,-13
83,MTG_L_4_2,L,Temporal Lobe,"MTG, Middle Temporal Gyrus","A21r, rostral area 21",-53,2,-30
84,MTG_R_4_2,R,Temporal Lobe,"MTG, Middle Temporal Gyrus","A21r, rostral area 21",51,6,-32
85,MTG_L_4_3,L,Temporal Lobe,"MTG, Middle Temporal Gyrus","A37dl, dorsolateral area37",-59,-58,4
86,MTG_R_4_3,R,Temporal Lobe,"MTG, Middle Temporal Gyrus","A37dl, dorsolateral area37",60,-53,3
87,MTG_L_4_4,L,Temporal Lobe,"MTG, Middle Temporal Gyrus","aSTS, anterior superior temporal sulcus",-58,-20,-9
88,MTG_R_4_4,R,Temporal Lobe,"MTG, Middle Temporal Gyrus","aSTS, anterior superior temporal sulcus",58,-16,-10
89,ITG_L_7_1,L,Temporal Lobe,"ITG, Inferior Temporal Gyrus","A20iv, intermediate ventral area 20",-45,-26,-27
90,ITG_R_7_1,R,Temporal Lobe,"ITG, Inferior Temporal Gyrus","A20iv, intermediate ventral area 20",46,-14,-33
91,ITG_L_7_2,L,Temporal Lobe,"ITG, Inferior Temporal Gyrus","A37elv, extreme lateroventral area37",-51,-57,-15
92,ITG_R_7_2,R,Temporal Lobe,"ITG, Inferior Temporal Gyrus","A37elv, extreme lateroventral area37",53,-52,-18
93,ITG_L_7_3,L,Temporal Lobe,"ITG, Inferior Temporal Gyrus","A20r, rostral area 20",-43,-2,-41
94,ITG_R_7_3,R,Temporal Lobe,"ITG, Inferior Temporal Gyrus","A20r, rostral area 20",40,0,-43
95,ITG_L_7_4,L,Temporal Lobe,"ITG, Inferior Temporal Gyrus","A20il, intermediate lateral area 20",-56,-16,-28
96,ITG_R_7_4,R,Temporal Lobe,"ITG, Inferior Temporal Gyrus","A20il, intermediate lateral area 20",55,-11,-32
97,ITG_L_7_5,L,Temporal Lobe,"ITG, Inferior Temporal Gyrus","A37vl, ventrolateral area 37",-55,-60,-6
98,ITG_R_7_5,R,Temporal Lobe,"ITG, Inferior Temporal Gyrus","A37vl, ventrolateral area 37",54,-57,-8
99,ITG_L_7_6,L,Temporal Lobe,"ITG, Inferior Temporal Gyrus","A20cl, caudolateral of area 20",-59,-42,-16
100,ITG_R_7_6,R,Temporal Lobe,"ITG, Inferior Temporal Gyrus","A20cl, caudolateral of area 20",61,-40,-17
101,ITG_L_7_7,L,Temporal Lobe,"ITG, Inferior Temporal Gyrus","A20cv, caudoventral of area 20",-55,-31,-27
102,ITG_R_7_7,R,Temporal Lobe,"ITG, Inferior Temporal Gyrus","A20cv, caudoventral of area 20",54,-31,-26
103,FuG_L_3_1,L,Temporal Lobe,"FuG, Fusiform Gyrus","A20rv, rostroventral area 20",-33,-16,-32
104,FuG_R_3_1,R,Temporal Lobe,"FuG, Fusiform Gyrus","A20rv, rostroventral area 20",33,-15,-34
105,FuG_L_3_2,L,Temporal Lobe,"FuG, Fusiform Gyrus","A37mv, medioventral area37",-31,-64,-14
106,FuG_R_3_2,R,Temporal Lobe,"FuG, Fusiform Gyrus","A37mv, medioventral area37",31,-62,-14
107,FuG_L_3_3,L,Temporal Lobe,"FuG, Fusiform Gyrus","A37lv, lateroventral area37",-42,-51,-17
108,FuG_R_3_3,R,Temporal Lobe,"FuG, Fusiform Gyrus","A37lv, lateroventral area37",43,-49,-19
109,PhG_L_6_1,L,Temporal Lobe,"PhG, Parahippocampal Gyrus","A35/36r, rostral area 35/36",-27,-7,-34
110,PhG_R_6_1,R,Temporal Lobe,"PhG, Parahippocampal Gyrus","A35/36r, rostral area 35/36",28,-8,-33
111,PhG_L_6_2,L,Temporal Lobe,"PhG, Parahippocampal Gyrus","A35/36c, caudal area 35/36",-25,-25,-26
112,PhG_R_6_2,R,Temporal Lobe,"PhG, Parahippocampal Gyrus","A35/36c, caudal area 35/36",26,-23,-27
113,PhG_L_6_3,L,Temporal Lobe,"PhG, Parahippocampal Gyrus","TL, area TL (lateral PPHC, posterior parahippocampal gyrus)",-28,-32,-18
114,PhG_R_6_3,R,Temporal Lobe,"PhG, Parahippocampal Gyrus","TL, area TL (lateral PPHC, posterior parahippocampal gyrus)",30,-30,-18
115,PhG_L_6_4,L,Temporal Lobe,"PhG, Parahippocampal Gyrus","A28/34, area 28/34 (EC, entorhinal cortex)",-19,-12,-30
116,PhG_R_6_4,R,Temporal Lobe,"PhG, Parahippocampal Gyrus","A28/34, area 28/34 (EC, entorhinal cortex)",19,-10,-30
117,PhG_L_6_5,L,Temporal Lobe,"PhG, Parahippocampal Gyrus","TI, area TI(temporal agranular insular cortex)",-23,2,-32
118,PhG_R_6_5,R,Temporal Lobe,"PhG, Parahippocampal Gyrus","TI, area TI(temporal agranular insular cortex)",22,1,-36
119,PhG_L_6_6,L,Temporal Lobe,"PhG, Parahippocampal Gyrus","TH, area TH (medial PPHC)",-17,-39,-10
120,PhG_R_6_6,R,Temporal Lobe,"PhG, Parahippocampal Gyrus","TH, area TH (medial PPHC)",19,-36,-11
121,pSTS_L_2_1,L,Temporal Lobe,"pSTS, posterior Superior Temporal Sulcus","rpSTS, rostroposterior superior temporal sulcus",-54,-40,4
122,pSTS_R_2_1,R,Temporal Lobe,"pSTS, posterior Superior Temporal Sulcus","rpSTS, rostroposterior superior temporal sulcus",53,-37,3
123,pSTS_L_2_2,L,Temporal Lobe,"pSTS, posterior Superior Temporal Sulcus","cpSTS, caudoposterior superior temporal sulcus",-52,-50,11
124,pSTS_R_2_2,R,Temporal Lobe,"pSTS, posterior Superior Temporal Sulcus","cpSTS, caudoposterior superior temporal sulcus",57,-40,12
125,SPL_L_5_1,L,Parietal Lobe,"SPL, Superior Parietal Lobule","A7r, rostral area 7",-16,-60,63
126,SPL_R_5_1,R,Parietal Lobe,"SPL, Superior Parietal Lobule","A7r, rostral area 7",19,-57,65
127,SPL_L_5_2,L,Parietal Lobe,"SPL, Superior Parietal Lobule","A7c, caudal area 7",-15,-71,52
128,SPL_R_5_2,R,Parietal Lobe,"SPL, Superior Parietal Lobule","A7c, caudal area 7",19,-69,54
129,SPL_L_5_3,L,Parietal Lobe,"SPL, Superior Parietal Lobule","A5l, lateral area 5",-33,-47,50
130,SPL_R_5_3,R,Parietal Lobe,"SPL, Superior Parietal Lobule","A5l, lateral area 5",35,-42,54
131,SPL_L_5_4,L,Parietal Lobe,"SPL, Superior Parietal Lobule","A7pc, postcentral area 7",-22,-47,65
132,SPL_R_5_4,R,Parietal Lobe,"SPL, Superior Parietal Lobule","A7pc, postcentral area 7",23,-43,67
133,SPL_L_5_5,L,Parietal Lobe,"SPL, Superior Parietal Lobule","A7ip, intraparietal area 7(hIP3)",-27,-59,54
134,SPL_R_5_5,R,Parietal Lobe,"SPL, Superior Parietal Lobule","A7ip, intraparietal area 7(hIP3)",31,-54,53
135,IPL_L_6_1,L,Parietal Lobe,"IPL, Inferior Parietal Lobule","A39c, caudal area 39(PGp)",-34,-80,29
136,IPL_R_6_1,R,Parietal Lobe,"IPL, Inferior Parietal Lobule","A39c, caudal area 39(PGp)",45,-71,20
137,IPL_L_6_2,L,Parietal Lobe,"IPL, Inferior Parietal Lobule","A39rd, rostrodorsal area 39(Hip3)",-38,-61,46
138,IPL_R_6_2,R,Parietal Lobe,"IPL, Inferior Parietal Lobule","A39rd, rostrodorsal area 39(Hip3)",39,-65,44
139,IPL_L_6_3,L,Parietal Lobe,"IPL, Inferior Parietal Lobule","A40rd, rostrodorsal area 40(PFt)",-51,-33,42
140,IPL_R_6_3,R,Parietal Lobe,"IPL, Inferior Parietal Lobule","A40rd, rostrodorsal area 40(PFt)",47,-35,45
141,IPL_L_6_4,L,Parietal Lobe,"IPL, Inferior Parietal Lobule","A40c, caudal area 40(PFm)",-56,-49,38
142,IPL_R_6_4,R,Parietal Lobe,"IPL, Inferior Parietal Lobule","A40c, caudal area 40(PFm)",57,-44,38
143,IPL_L_6_5,L,Parietal Lobe,"IPL, Inferior Parietal Lobule","A39rv, rostroventral area 39(PGa)",-47,-65,26
144,IPL_R_6_5,R,Parietal Lobe,"IPL, Inferior Parietal Lobule","A39rv, rostroventral area 39(PGa)",53,-54,25
145,IPL_L_6_6,L,Parietal Lobe,"IPL, Inferior Parietal Lobule","A40rv, rostroventral area 40(PFop)",-53,-31,23
146,IPL_R_6_6,R,Parietal Lobe,"IPL, Inferior Parietal Lobule","A40rv, rostroventral area 40(PFop)",55,-26,26
147,PCun_L_4_1,L,Parietal Lobe,"Pcun, Precuneus","A7m, medial area 7(PEp)",-5,-63,51
148,PCun_R_4_1,R,Parietal Lobe,"Pcun, Precuneus","A7m, medial area 7(PEp)",6,-65,51
149,PCun_L_4_2,L,Parietal Lobe,"Pcun, Precuneus","A5m, medial area 5(PEm)",-8,-47,57
150,PCun_R_4_2,R,Parietal Lobe,"Pcun, Precuneus","A5m, medial area 5(PEm)",7,-47,58
151,PCun_L_4_3,L,Parietal Lobe,"Pcun, Precuneus","dmPOS, dorsomedial parietooccipital  sulcus(PEr)",-12,-67,25
152,PCun_R_4_3,R,Parietal Lobe,"Pcun, Precuneus","dmPOS, dorsomedial parietooccipital  sulcus(PEr)",16,-64,25
153,PCun_L_4_4,L,Parietal Lobe,"Pcun, Precuneus","A31, area 31 (Lc1)",-6,-55,34
154,PCun_R_4_4,R,Parietal Lobe,"Pcun, Precuneus","A31, area 31 (Lc1)",6,-54,35
155,PoG_L_4_1,L,Parietal Lobe,"PoG, Postcentral Gyrus","A1/2/3ulhf, area 1/2/3(upper limb, head and face region)",-50,-16,43
156,PoG_R_4_1,R,Parietal Lobe,"PoG, Postcentral Gyrus","A1/2/3ulhf, area 1/2/3(upper limb, head and face region)",50,-14,44
157,PoG_L_4_2,L,Parietal Lobe,"PoG, Postcentral Gyrus","A1/2/3tonIa, area 1/2/3(tongue and larynx region)",-56,-14,16
158,PoG_R_4_2,R,Parietal Lobe,"PoG, Postcentral Gyrus","A1/2/3tonIa, area 1/2/3(tongue and larynx region)",56,-10,15
159,PoG_L_4_3,L,Parietal Lobe,"PoG, Postcentral Gyrus","A2, area 2",-46,-30,50
160,PoG_R_4_3,R,Parietal Lobe,"PoG, Postcentral Gyrus","A2, area 2",48,-24,48
161,PoG_L_4_4,L,Parietal Lobe,"PoG, Postcentral Gyrus","A1/2/3tru, area1/2/3(trunk region)",-21,-35,68
162,PoG_R_4_4,R,Parietal Lobe,"PoG, Postcentral Gyrus","A1/2/3tru, area1/2/3(trunk region)",20,-33,69
163,INS_L_6_1,L,Insular Lobe,"INS, Insular Gyrus","G, hypergranular insula",-36,-20,10
164,INS_R_6_1,R,Insular Lobe,"INS, Insular Gyrus","G, hypergranular insula",37,-18,8
165,INS_L_6_2,L,Insular Lobe,"INS, Insular Gyrus","vIa, ventral agranular insula",-32,14,-13
166,INS_R_6_2,R,Insular Lobe,"INS, Insular Gyrus","vIa, ventral agranular insula",33,14,-13
167,INS_L_6_3,L,Insular Lobe,"INS, Insular Gyrus","dIa, dorsal agranular insula",-34,18,1
168,INS_R_6_3,R,Insular Lobe,"INS, Insular Gyrus","dIa, dorsal agranular insula",36,18,1
169,INS_L_6_4,L,Insular Lobe,"INS, Insular Gyrus","vId/vIg, ventral dysgranular and granular insula",-38,-4,-9
170,INS_R_6_4,R,Insular Lobe,"INS, Insular Gyrus","vId/vIg, ventral dysgranular and granular insula",39,-2,-9
171,INS_L_6_5,L,Insular Lobe,"INS, Insular Gyrus","dIg, dorsal granular insula",-38,-8,8
172,INS_R_6_5,R,Insular Lobe,"INS, Insular Gyrus","dIg, dorsal granular insula",39,-7,8
173,INS_L_6_6,L,Insular Lobe,"INS, Insular Gyrus","dId, dorsal dysgranular insula",-38,5,5
174,INS_R_6_6,R,Insular Lobe,"INS, Insular Gyrus","dId, dorsal dysgranular insula",38,5,5
175,CG_L_7_1,L,Limbic Lobe,"CG, Cingulate Gyrus","A23d, dorsal area 23",-4,-39,31
176,CG_R_7_1,R,Limbic Lobe,"CG, Cingulate Gyrus","A23d, dorsal area 23",4,-37,32
177,CG_L_7_2,L,Limbic Lobe,"CG, Cingulate Gyrus","A24rv, rostroventral area 24",-3,8,25
178,CG_R_7_2,R,Limbic Lobe,"CG, Cingulate Gyrus","A24rv, rostroventral area 24",5,22,12
179,CG_L_7_3,L,Limbic Lobe,"CG, Cingulate Gyrus","A32p, pregenual area 32",-6,34,21
180,CG_R_7_3,R,Limbic Lobe,"CG, Cingulate Gyrus","A32p, pregenual area 32",5,28,27
181,CG_L_7_4,L,Limbic Lobe,"CG, Cingulate Gyrus","A23v, ventral area 23",-8,-47,10
182,CG_R_7_4,R,Limbic Lobe,"CG, Cingulate Gyrus","A23v, ventral area 23",9,-44,11
183,CG_L_7_5,L,Limbic Lobe,"CG, Cingulate Gyrus","A24cd, caudodorsal area 24",-5,7,37
184,CG_R_7_5,R,Limbic Lobe,"CG, Cingulate Gyrus","A24cd, caudodorsal area 24",4,6,38
185,CG_L_7_6,L,Limbic Lobe,"CG, Cingulate Gyrus","A23c, caudal area 23",-7,-23,41
186,CG_R_7_6,R,Limbic Lobe,"CG, Cingulate Gyrus","A23c, caudal area 23",6,-20,40
187,CG_L_7_7,L,Limbic Lobe,"CG, Cingulate Gyrus","A32sg, subgenual area 32",-4,39,-2
188,CG_R_7_7,R,Limbic Lobe,"CG, Cingulate Gyrus","A32sg, subgenual area 32",5,41,6
189,MVOcC_L_5_1,L,Occipital Lobe,"MVOcC, MedioVentral Occipital Cortex","cLinG, caudal lingual gyrus",-11,-82,-11
190,MVOcC_R_5_1,R,Occipital Lobe,"MVOcC, MedioVentral Occipital Cortex","cLinG, caudal lingual gyrus",10,-85,-9
191,MVOcC_L_5_2,L,Occipital Lobe,"MVOcC, MedioVentral Occipital Cortex","rCunG, rostral cuneus gyrus",-5,-81,10
192,MVOcC_R_5_2,R,Occipital Lobe,"MVOcC, MedioVentral Occipital Cortex","rCunG, rostral cuneus gyrus",7,-76,11
193,MVOcC_L_5_3,L,Occipital Lobe,"MVOcC, MedioVentral Occipital Cortex","cCunG, caudal cuneus gyrus",-6,-94,1
194,MVOcC_R_5_3,R,Occipital Lobe,"MVOcC, MedioVentral Occipital Cortex","cCunG, caudal cuneus gyrus",8,-90,12
195,MVOcC_L_5_4,L,Occipital Lobe,"MVOcC, MedioVentral Occipital Cortex","rLinG, rostral lingual gyrus",-17,-60,-6
196,MVOcC_R_5_4,R,Occipital Lobe,"MVOcC, MedioVentral Occipital Cortex","rLinG, rostral lingual gyrus",18,-60,-7
197,MVOcC_L_5_5,L,Occipital Lobe,"MVOcC, MedioVentral Occipital Cortex","vmPOS,ventromedial parietooccipital sulcus",-13,-68,12
198,MVOcC_R_5_5,R,Occipital Lobe,"MVOcC, MedioVentral Occipital Cortex","vmPOS,ventromedial parietooccipital sulcus",15,-63,12
199,LOcC_L_4_1,L,Occipital Lobe,"LOcC, lateral Occipital Cortex","mOccG, middle occipital gyrus",-31,-89,11
200,LOcC_R_4_1,R,Occipital Lobe,"LOcC, lateral Occipital Cortex","mOccG, middle occipital gyrus",34,-86,11
201,LOcC_L_4_2,L,Occipital Lobe,"LOcC, lateral Occipital Cortex","V5/MT+, area V5/MT+",-46,-74,3
202,LOcC_R_4_2,R,Occipital Lobe,"LOcC, lateral Occipital Cortex","V5/MT+, area V5/MT+",48,-70,-1
203,LOcC_L_4_3,L,Occipital Lobe,"LOcC, lateral Occipital Cortex","OPC, occipital polar cortex",-18,-99,2
204,LOcC_R_4_3,R,Occipital Lobe,"LOcC, lateral Occipital Cortex","OPC, occipital polar cortex",22,-97,4
205,LOcC_L_4_4,L,Occipital Lobe,"LOcC, lateral Occipital Cortex","iOccG, inferior occipital gyrus",-30,-88,-12
206,LOcC_R_4_4,R,Occipital Lobe,"LOcC, lateral Occipital Cortex","iOccG, inferior occipital gyrus",32,-85,-12
207,LOcC_L_2_1,L,Occipital Lobe,"LOcC, lateral Occipital Cortex","msOccG, medial superior occipital gyrus",-11,-88,31
208,LOcC_R_2_1,R,Occipital Lobe,"LOcC, lateral Occipital Cortex","msOccG, medial superior occipital gyrus",16,-85,34
209,LOcC_L_2_2,L,Occipital Lobe,"LOcC, lateral Occipital Cortex","lsOccG, lateral superior occipital gyrus",-22,-77,36
210,LOcC_R_2_2,R,Occipital Lobe,"LOcC, lateral Occipital Cortex","lsOccG, lateral superior occipital gyrus",29,-75,36
211,Amyg_L_2_1,L,Subcortical Nuclei,"Amyg, Amygdala","mAmyg, medial amygdala",-19,-2,-20
212,Amyg_R_2_1,R,Subcortical Nuclei,"Amyg, Amygdala","mAmyg, medial amygdala",19,-2,-19
213,Amyg_L_2_2,L,Subcortical Nuclei,"Amyg, Amygdala","lAmyg, lateral amygdala",-27,-4,-20
214,Amyg_R_2_2,R,Subcortical Nuclei,"Amyg, Amygdala","lAmyg, lateral amygdala",28,-3,-20
215,Hipp_L_2_1,L,Subcortical Nuclei,"Hipp, Hippocampus","rHipp, rostral hippocampus",-22,-14,-19
216,Hipp_R_2_1,R,Subcortical Nuclei,"Hipp, Hippocampus","rHipp, rostral hippocampus",22,-12,-20
217,Hipp_L_2_2,L,Subcortical Nuclei,"Hipp, Hippocampus","cHipp, caudal hippocampus",-28,-30,-10
218,Hipp_R_2_2,R,Subcortical Nuclei,"Hipp, Hippocampus","cHipp, caudal hippocampus",29,-27,-10
219,BG_L_6_1,L,Subcortical Nuclei,"BG, Basal Ganglia","vCa, ventral caudate",-12,14,0
220,BG_R_6_1,R,Subcortical Nuclei,"BG, Basal Ganglia","vCa, ventral caudate",15,14,-2
221,BG_L_6_2,L,Subcortical Nuclei,"BG, Basal Ganglia","GP, globus pallidus",-22,-2,4
222,BG_R_6_2,R,Subcortical Nuclei,"BG, Basal Ganglia","GP, globus pallidus",22,-2,3
223,BG_L_6_3,L,Subcortical Nuclei,"BG, Basal Ganglia","NAC, nucleus accumbens",-17,3,-9
224,BG_R_6_3,R,Subcortical Nuclei,"BG, Basal Ganglia","NAC, nucleus accumbens",15,8,-9
225,BG_L_6_4,L,Subcortical Nuclei,"BG, Basal Ganglia","vmPu, ventromedial putamen",-23,7,-4
226,BG_R_6_4,R,Subcortical Nuclei,"BG, Basal Ganglia","vmPu, ventromedial putamen",22,8,-1
227,BG_L_6_5,L,Subcortical Nuclei,"BG, Basal Ganglia","dCa, dorsal caudate",-14,2,16
228,BG_R_6_5,R,Subcortical Nuclei,"BG, Basal Ganglia","dCa, dorsal caudate",14,5,14
229,BG_L_6_6,L,Subcortical Nuclei,"BG, Basal Ganglia","dlPu, dorsolateral putamen",-28,-5,2
230,BG_R_6_6,R,Subcortical Nuclei,"BG, Basal Ganglia","dlPu, dorsolateral putamen",29,-3,1
231,Tha_L_8_1,L,Subcortical Nuclei,"Tha, Thalamus","mPFtha, medial pre-frontal thalamus",-7,-12,5
232,Tha_R_8_1,R,Subcortical Nuclei,"Tha, Thalamus","mPFtha, medial pre-frontal thalamus",7,-11,6
233,Tha_L_8_2,L,Subcortical Nuclei,"Tha, Thalamus","mPMtha, pre-motor thalamus",-18,-13,3
234,Tha_R_8_2,R,Subcortical Nuclei,"Tha, Thalamus","mPMtha, pre-motor thalamus",12,-14,1
235,Tha_L_8_3,L,Subcortical Nuclei,"Tha, Thalamus","Stha, sensory thalamus",-18,-23,4
236,Tha_R_8_3,R,Subcortical Nuclei,"Tha, Thalamus","Stha, sensory thalamus",18,-22,3
237,Tha_L_8_4,L,Subcortical Nuclei,"Tha, Thalamus","rTtha, rostral temporal thalamus",-7,-14,7
238,Tha_R_8_4,R,Subcortical Nuclei,"Tha, Thalamus","rTtha, rostral temporal thalamus",3,-13,5
239,Tha_L_8_5,L,Subcortical Nuclei,"Tha, Thalamus","PPtha, posterior parietal thalamus",-16,-24,6
240,Tha_R_8_5,R,Subcortical Nuclei,"Tha, Thalamus","PPtha, posterior parietal thalamus",15,-25,6
241,Tha_L_8_6,L,Subcortical Nuclei,"Tha, Thalamus","Otha, occipital thalamus",-15,-28,4
242,Tha_R_8_6,R,Subcortical Nuclei,"Tha, Thalamus","Otha, occipital thalamus",13,-27,8
243,Tha_L_8_7,L,Subcortical Nuclei,"Tha, Thalamus","cTtha, caudal temporal thalamus",-12,-22,13
244,Tha_R_8_7,R,Subcortical Nuclei,"Tha, Thalamus","cTtha, caudal temporal thalamus",10,-14,14
245,Tha_L_8_8,L,Subcortical Nuclei,"Tha, Thalamus","lPFtha, lateral pre-frontal thalamus",-11,-14,2
246,Tha_R_8_8,R,Subcortical Nuclei,"Tha, Thalamus","lPFtha, lateral pre-frontal thalamus",13,-16,7
